image,ground_truth,prediction,cer
/kaggle/input/uit-hwdb/UIT_HWDB_line/UIT_HWDB_line/test_data/253/1.jpg,"Viết tiếp về vụ anh Trương Xuân Đại. Ngay từ khi tờ báo có bài "" Số phận của","Vui tôi tiếp vẫn muốn tham gia Xuân Đại. Ngày tôi thôi tự bảo ""cô phẩm của""",0.4868421052631579
/kaggle/input/uit-hwdb/UIT_HWDB_line/UIT_HWDB_line/test_data/253/2.jpg,"những người nói lên sự thật "" phát hành, nhiều bạn đọc đã bày tỏ sự chia sẻ,","making no doubt lei is that that's what's in, there's been a lot of big to us this set.",0.7236842105263158
/kaggle/input/uit-hwdb/UIT_HWDB_line/UIT_HWDB_line/test_data/253/3.jpg,ủng hộ anh Trương Xuân Đại. Một bạn đọc 67 tuổi ở Q.11 đến gửi tặng anh Trương,ng họ anh Trường Xuân Đại. Mặt bàn đác 6 tầng là 8 Q. Miền gửi tặng anh Trường,0.2564102564102564
/kaggle/input/uit-hwdb/UIT_HWDB_line/UIT_HWDB_line/test_data/253/4.jpg,"Xuân Đại 150.000 đồng, một cô gái tên Nhung ở Tân Bình gửi tặng 100.000 đ,","yīcuān Dùn 150.000 zhāng, mǎi cǎo gēn lǐn Nìngyù? Tūn Bǐnzhū gōng fēng 100.000,",0.4594594594594595
/kaggle/input/uit-hwdb/UIT_HWDB_line/UIT_HWDB_line/test_data/253/5.jpg,một thanh niên tên Hà đến gửi 200.000 đ. Sau đó nữa là rất,mẹ thành mẹ nữ Hai đến quý 200.000. Sand và mẹ là mẹ!,0.46551724137931033
/kaggle/input/uit-hwdb/UIT_HWDB_line/UIT_HWDB_line/test_data/253/6.jpg,"nhiều bạn đọc gọi đến bày tỏ sự chia sẻ, ủng hộ.","whānui hān dat cā tei 'n bāy kā nē chān sē, cāng hē.",0.5416666666666666
/kaggle/input/uit-hwdb/UIT_HWDB_line/UIT_HWDB_line/test_data/253/7.jpg,Ban biên tập báo Tuổi Trẻ cũng quyết định gửi tặng nhóm công nhân,Bạn liên hệ bao 'tâm' từ cùng quyên 'Tình qua tây nhóm' cùng nhóm,0.4307692307692308
/kaggle/input/uit-hwdb/UIT_HWDB_line/UIT_HWDB_line/test_data/253/8.jpg,đã tố cáo tiêu cực ở đường liên cảng A5 10 triệu đồng. Đừng để người dân,"để tôi có thân cuộc ở đây, bạn cộng A5 10 năm đây. Đây, để người bạn",0.4305555555555556
/kaggle/input/uit-hwdb/UIT_HWDB_line/UIT_HWDB_line/test_data/253/9.jpg,"đặt cược cho niềm tin! Qua báo chí, bản thân tôi đã được biết về việc tố cáo những","đặc cuộc cho mình tình! Emua bạn chị, bạn thân bạn đến đây lên vui lòng tôi cho những",0.43902439024390244
/kaggle/input/uit-hwdb/UIT_HWDB_line/UIT_HWDB_line/test_data/253/10.jpg,"sai phạm của công rình đường liên cảng A5 mấy năm trước đây, nhưng nay","dai pham cuoi cong minh chuyen bien cong A5 mong minh duoi cty, nhung ngu",0.4857142857142857
/kaggle/input/uit-hwdb/UIT_HWDB_line/UIT_HWDB_line/test_data/253/11.jpg,mới biết việc làm dũng cảm và tốt đẹp đó đã mang đến bao hệ lụy phiền phức,may luckier since I'm doing something I've always dreamed of.,0.7837837837837838
/kaggle/input/uit-hwdb/UIT_HWDB_line/UIT_HWDB_line/test_data/253/12.jpg,"cho những người trong cuộc, những người mà theo tôi vô cùng xứng đáng với danh","cho người thay mặt, những người mà ""cho thế"" vừa xứng đáng hay vừa đang",0.4358974358974359
/kaggle/input/uit-hwdb/UIT_HWDB_line/UIT_HWDB_line/test_data/253/13.jpg,hiệu hiệp sĩ.,him angry,0.7692307692307693
/kaggle/input/uit-hwdb/UIT_HWDB_line/UIT_HWDB_line/test_data/253/14.jpg,"Thế nhưng những hiệp sĩ ấy giờ ra sao? Người thì lang thang, phiêu bạt, kẻ thì","the shining shining shines in my eyes, you make me so. Nymer the boy thing I prefer her, he's she.",0.7692307692307693
/kaggle/input/uit-hwdb/UIT_HWDB_line/UIT_HWDB_line/test_data/253/15.jpg,"vợ bỏ, kẻ thì cày ải trên những con đường đô thị để lượm ve chai, phải tá túc trong","""ao hò?"", hè thị hãy ăn quan trọng, do như tất cả hôm vợ cháu, phải ăn tất cả ngày.",0.6024096385542169
/kaggle/input/uit-hwdb/UIT_HWDB_line/UIT_HWDB_line/test_data/253/16.jpg,những căn chòi tạm bợ sống qua ngày. Ngẫm sao mà thương thế! Đáng lẽ phải được,"making some food for my grandma. I put some milk in the fridge, then I put the food in the fridge.",0.9615384615384616
/kaggle/input/uit-hwdb/UIT_HWDB_line/UIT_HWDB_line/test_data/253/17.jpg,tôn vinh thì trái lại những con người ấy đã bị đẩy xuống đáy cùng của cuộc,"In such a tense, I'm always on guard against a blow.",0.7837837837837838
/kaggle/input/uit-hwdb/UIT_HWDB_line/UIT_HWDB_line/test_data/253/18.jpg,"sống! Cũng may mà anh Đại đã thắng kiện, đó chắc là một niềm an ủi và","doing! can't may man's mouth on that thing, it's that's a man's can't on",0.6811594202898551
/kaggle/input/uit-hwdb/UIT_HWDB_line/UIT_HWDB_line/test_data/253/19.jpg,"là một khẳng định để anh và các đồng nghiệp, người thân tin rằng các","la' mhahin? dhinh dè? mha ma' ac' dòng nguyn, nguyn dhin tùn tòng ac'",0.5882352941176471
/kaggle/input/uit-hwdb/UIT_HWDB_line/UIT_HWDB_line/test_data/253/20.jpg,anh không đơn độc trong việc theo đuổi niềm tin về lẽ phải của mình.,amh hhmiy dan. Paz hmy wec i the dihmiy minin tan u'lih gha'i ma'min.,0.6617647058823529
/kaggle/input/uit-hwdb/UIT_HWDB_line/UIT_HWDB_line/test_data/253/21.jpg,"Lại nữa, khi thanh tra đã xác định sai phạm sao không xử lý mà để "" ngâm ""","Lau mua, như thành tác dẫn xác định sự phạm mỹ không xử lý mà cũng",0.35135135135135137
/kaggle/input/uit-hwdb/UIT_HWDB_line/UIT_HWDB_line/test_data/253/22.jpg,lâu ngày đến vậy? Tôi không phải là người trong lĩnh vực chuyên môn nhưng,bin yng yng din yng ? ran bhmng yng bha mngn mng linh nuc chmng mng mng,0.6027397260273972
/kaggle/input/uit-hwdb/UIT_HWDB_line/UIT_HWDB_line/test_data/253/23.jpg,có thể hình dung công trình đường liên cảng A5 chắc là nhằm phục vụ hoạt động của,"so, ""lui"" nhưng ông vui hơn đến khi A S chúc mình phục vụ hoài động.",0.5308641975308642
/kaggle/input/uit-hwdb/UIT_HWDB_line/UIT_HWDB_line/test_data/253/24.jpg,các nhà đầu tư trong Khu chế xuất Tân Thuận. Vậy thì khi không khắc phục ngay,"салчын дүнүн кур болгон дүн сүнүн ""Тонн Чынын"" үнүн чынын дүнүн ""Тонн Чынын"" үнүн чынум дүнүн ""Тонн Чынын"" үнүн чындын дүнүн ""Тонн Чынын"" үнүн дүнүн ""Тонн Чынын"" үнүн ""Тонн Чынын"" үнүн ""Тоннын"" үнүн ""Тоннын"" үнүн ""Тонын"" үнүн ""Тонын"" үнүн ""Тоннын"" үнүн ""Тонын"" үнүн ""Тоннын"" үнүн ""Тоның"" үнүн ""Тоннын"" үнүн ""Тоңнын"" үнүн ""Тоңнын"" үнүн ""тоңнын"" үнүн ""Тоңнын"" үнүн үнүн ""Тоңнын"" үнүн үнүн үнүн ""Тоңнын"" үнүн ""Тоңын"" үнүн ""Тоңын"" үнүн үнүн үнүн үнүн үнүн үнүрүн үнүн үнүн үнүн үнүн үүнүн үнүн үнүн үнүн үнүн ""Тоңнын""үнүн үнүн үнүн үнүн үнүр үнүн үнүн үнүн үнүн үнүүн үнүн үнүн үнүн үнүн үңүн үнүн үнүн үнүн үнүн үчүн үнүн үнүн үнүн үнүн үрүн үнүн үнүн үнүн үнүн ""тоңнын""үнүн үнүн үнүн үнүрүн үн үнүн үнүн үнүн үнүн үн үнүн үнүн үнүн үнүрүнүн үнүн үнүн үнүн үнүүрүнүн үнүн үнүн үнүн үүнүрүнүн үнүн үнүн үнүнүн үнүн үнүн үнүн үнүңүнүн үнүн үнүн үнүн үнүкүнүн үнүн үнүн үнүн үнүсүнүн үнүн үнүн үнүн үнүтүн үнүн үнүн үнүн үнүн үтүн үнүн үнүн үнүн үнүнүн үн үнүн үнүн үнүн үн үнүнүн үнүн үнүн үнүнүн үүнүн үнүн үнүн үнүрүнүнүн үнүн үнүн үнүн үн үн үнүн үнүн үнүн үнүнүнүн үнүн үнүн үнүн үүн үнүн үнүн үнүн үнүн үөнүн үнүн үнүн үнүн үнүнүрүнүн үнүн үнүн үнүрүнүрүнүн үнүн үнүн үнүкүнүнүн үнүн үнүн үнүн үчүнүн үнүн үнүн үнүн үнүдүн үнүн үнүн үнүн үнүн үндүн үнүн үнүн үнүн үнүн үдүн үнүн үнүн үнүн үнүнүдүн үнүн үнүн үнүн үн үнүдүн үнүн үнүн үнүнүн үнүдүн үнүн үнүн үн үнүдүн үчүн үнүн үнүн үнүн үндүн үчүн үнүн үнүн үнүн үчүн үчүн үнүн үнүн үнүн үүнүнүн үнүн үнүн үүнүн үнүрүнүн үнүн үнүнүн үүнүн үүнүн үнүн үүнүн үүнүн үүнүн үүнүн үнүн үнүн үүнүн үүнүн үүрүнүн үнүн үүнүн үүнүн үөнүн үүнүн үүнүн үүнүн үөнүн үөнүн үүнүн үүнүн үөнүн ү үнүн үүнүн үүнүн үүнүнүн үүнүн үүнүн үүнүнүрүнүн үүнүн үүнүн үүнүн Үүнүн үүнүн үүнүн үүнүн өнүн үүнүн үүнүн үүнүн ү үнүн үүнүн үүнүн ү үнүн ү үнүн үүнүн үүнүн ү өнүн үүнүн үүнүн ү үнүн ү өнүн үүнүн ү үнүн ү үнүн ү үнүн ү үнүн үүнүн ү үнүн ү үнүн ү өнүн ү үнүн ү үнүн ү үнүн ү өнүн үүнүн үүнүн үүнүн ұнүн ү үнүн ү үнүн ү үнүн ү ұнүн ү үнүн ү үнүн ү үнүрүнүн ү үнүн ү үнүн ү үнүнүн ү үнүн ү үнүн ү үнүн ұнүн ү үнүн ү үнүн ү ұнүнүн ү үнүн ү үнүн ү үнүрүүнүн ү үнүн ү үнүн ү үнүн өнүн ү үнүн ү үнүн ү үнүнүрүнүн ү үнүн ү үнүн ү үүнүн ү үнүн ү үнүн ү үнүр үнүн ү үнүн ү үнүн ү үнүнүүнүн ү үнүн ү үнүн ү үнүр өнүн ү үнүн ү үнүн ү үнүн өүнүн ү үнүн ү үнүн ү үнүнөнүн ү үнүн ү үнүн өнүн ү үүнүн ү үнүн өнүн ү үнүн өнүн ү үнүн өн үүнүн ү үнүн өнүн ү үнүн ү үүнүн өнүн ү үнүн өнүн ү үн үнүн өнүн ү үнүн өнүн ү үүнүн өнүн ү үнүн өүнүн ү үнүн өнүн ү үнүн өүнүн ү үүнүн өнүн ү үнүн өөнүн ү үнүн өөнүн ү үнүн өнүн ү үнүн өөнүн ү үүнүн өөнүн ү үнүн өөнүн үүнүн өөнүн ү үнүн өөнүүнүн ү үнүн өөнүн ү үнүн ө өнүн ү үнүн өөнүн ү үнүн ү үнүн өөнүн ү үнүн өүнүн ү үнүн өөнүн ү үнүн ү өөнүн ү үнүн өөнүн ү үнүрүнүн ү үнүн өөнүн ү үнүн ұнүн ү үнүн өөнүн ү үнүн ҳнүн ү үнүн өөнүн ү үнүн ҷнүн ү үнүн өөнүн ү үнүн ҵнүн ү үнүн өөнүн ү үнүн Ҷнүн ү үнүн өөнүн ү үнүн ҹнүн ү үнүн өөнүн ү үнүн Һнүн ү үнүн өөнүн ү үнүн һнүн ү үнүн өөнүн ү үнүн Ҹнүн ү үнүн өөнүн ү үнүн Ҽнүн ү үнүн өөнүн ү үнүн ҽнүн ү үнүн өөнүн ү үнүн ҿнүн ү үнүн өөнүн ү үнүн өӨнүн ү үнүн өөнүн ү үнүн өҹнүн ү үнүн өөнүн ү үнүн өһнүн ү үнүн өөнүн ү үнүн өңүнүн ү үнүн өһнүн ү үнүн өһнүн ү үнүн өңүнүн ү үнүн ү өһнүн ү үнүн өңүнүн ү үн үнүн өңүнүн ү үнүн өңүнүн ү үнүн ҷнүн ү үнүн өңүнүн ү үнүнүн өңүнүн ү үнүн ү өңүнүн ү үнүн ү өңүнүн үүнүн ү өңүнүн ү үнүн ү өңүүнүн ү үнүн ү өңүүнүн ү үүнүн ү өңүүнүн ү үнүн ү өңуүнүн ү үнүн ү өңүүнүн ү үндүн ү үнүн ү өңүүнүн ү үнүрүнүн ү үнүн ү өңүүнүн ү үдүн ү үнүн ү өңүүнүн ү үнүүн ү өңүүнүн ү үнүн ү өңүнүн ү үн үнүн ү өңүүнүн ү үнүн ү өнүн ү үнүн ү өңүүнүн ү үн үнүн ү өңүүнүнүн ү үнүн ү өңүүнүн ү үңүнүн ү өңүүнүн ү үнүн ү өн үнүн ү өңүүнүн ү үнүн ү үнүн ү өңүүнүн ү үн ҷнүн ү үнүн ү өңүүнүн ү үн өңүүнүн ү үнүн ү өңүүнүүн ү үнүн ү өңүүнүн ү үнүдүн ү үнүн ү өңүүнүн ү үн үүнүн ү өңүүнүн ү үнүн ү үн үнүн ү өңүүнүн үүнүн ү өңүүнүн ү үнүнүн ү өңүүнүн ү үнүн ү өүнүн ү үнүн ү өңүүнүн ү үінүн ү өңүүнүн ү үнүн ү өңүуүнүн ү үнүн ү өңүүнүн үүнүн ү өүнүн ү үнүн ү өңүүүнүн ү үнүн ү өңүүнүн үүүнүн ү өңүүнүн ү үнүн ү өөнүн ү үнүн ү өңүүнүн ү үнөнүн ү үнүн ү өңүүнүн ү үүрүнүн ү үнүн ү өңүүнүнүн ү үнүнүн ү өңүүнүнүн ү үнүнүүнүн ү үнүнүн ү өңүүнүүнүн ү үнүнүн ү өңүүүнүнүн ү үнүнүн ү өңүүүнүүнүн ү үнүнүн ү өңүуүнүн ү үнүнүн ү өңүүүнүрүн ү үнүнүн ү өңүүүнүнүрүн ү үнүнүн ү өңүүүрүнүн ү үнүнүн ү өңүүүрүнүрүн ү үнүнүн ү өңүүүүнүнүн ү үнүнүн ү өңүуүнүрүнүн ү үнүнүн ү өңүүүүнүн ү үнүнүн ү өңүүүүн ү үнүнүн ү өңүүүүнүн ҷнүн ү үнүнүн ү өңүүүүнүүнүн ү үнүнүн ү өңуүүнүнүн ү үнүнүн ү өңүүөнүнүн ү үнүнүн ү өңүүүн ү үнүнүн ү өңүүүнүнүүнүн ү үнүнүн ү өңүууүнүн ү үнүнүн ү өңүүүн үүнүн ү өңүүүнүнүн ү үнүүнүн ү өңүүүнүнүн ү үнүрүнүн ү үнүнүн ү өңүүнүн ҷнүн ү үнүнүн ү өнүнүн ү өңүүүнүнүн ү үн үнүнүн ү өңүүүнүнүн ү үүнүнүн ү өңүүүнүнүн ү үн өңүүүнүнүн ү үнүнүн ү өнүнүн ү өнүнүн ү өңүүүн ү үнүнүнүн ү өңүүүнүнүн ү үүрүнүн ү үнүнүн ү өңүүүнүтүн ү үнүнүн ү өңүүүнүнүтүн ү үнүнүн ү өңүүүүнүн ө үнүнүн ү өңүүүнүн ү үнүнүн ү өңүүүн ү өңүүүнүн ү үнүнүн ү үнүнүн ү өңүүүн ө үнүнүн ү өңүүүнүн ү өңүүүнүн ү үнүнүүн ү өңүүүнүн ү үнүнүнүн ү өңүүүнүүнүн ү үүнүнүн ү өңүүүн ү үнүнүн өңүүүнүн ү үнүнүн ү өңүуүн ү үнүнүн ү өңүүүнүн ү үнүүнүн ү өңүүүн ү үнүнүн ү үнүнүн ү өңуүүнүүнүн ү үнүнүн ү өңүөнүн ү үнүнүн ү өңүүүнүн ү өңүөнүн ү үнүнүнүн ү өңүүүн ү үнүнүүнүн ү өңүүүнүн ү үнүн ү өнүнүн ү өңүүүнүн ү үнүн ү үнүнүн ү өңүүүнүн ҷнүн ү үнүнүн ү үнүнүн ү өнүнүнүн ү үнүнүн ү өңүүүүн ҷнүн ү үнүнүн ү өңүүөнүн ү үнүнүн ү өңүүүн ү үүнүн ү өңүүүнүн ү үнүнүрүн ү үнүнүн ү өңүүөнүн ү ө үнүнүн ү өңүүүнүн ү үн үнүнүн ү өңүүүүнүн ү үн үнүнүн ү өңүуүнүн ү үнүүнүн ү өңүүүн ө үнүнүн ү үнүнүн ү өңүүүүүнүн ү үнүнүн ү өңүүөнүүнүн ү үнүнүн ү өңүүүүүүнүн ү үнүнүн ү өңүуүүнүн ү үнүнүн ү өңүүүүтүн ү үнүнүн ү өңүүүтүн ү үнүнүн ү өңүүүүтүнүн ү үнүнүн ү өңүүүтүн ү ҷнүн ү үнүнүн ү өңүүүтүнүн ү үнүнүн ү өңүуүүн ү үнүнүн ү өңүүүтүн үүнүн ү өңүүүтүн ү үнүнүүн ү өңүүүтүн ү үнүнүн ү үнүнүн ү өң үнүнүн ү үнүнүн ү өңүүүтүүнүн ү үнүнүн ү өңүүүтүтүн ү үнүнүн ү өңүүүтүтүтүн ү үнүнүн ү өңүүүүттүн ү үнүнүн ү өңүүүттүтүн ү үнүнүн ү өңүүүттүн ү үнүнүн ү өңүүөнүн ү ҷнүн ү үнүнүн ү өңүуүнүнүн ү үнүнүн ү өңүүүттүнүн ү үнүнүн ү өңүүүтттүн ү үнүнүн ү өңүүүтттүтүн ү үнүнүн ү өңүүүүүтүтүн ү үнүнүн ү өңүуүүнүнүн ү үнүнүн ү өңүууүүнүн ү үнүнүн ү өңүүүттөнүн ү үнүнүн ү өңүүүтөнүн ү үнүнүн ү өңүүүтүн ө үнүнүн ү өңүүүтүн ү үнүүнүн ү өңүүүтүн ү үнүнүрүн ү үнүнүн ү үнүнүн ү өңөнүнүн ү үнүнүн ү өңүүүтөн ү үнүнүн ү өңүүүтөнүнүн ү үнүнүн ү өңүүүүтөнүн ү үнүнүн ү өңүуүүнүрүн ү үнүнүн ү өңүүөтүн ү үнүнүн ү өңүүүтөнүрүн ү үнүнүн ү өңүүүтөнүүнүн ү үнүнүн ү өңүүөтүн ү ҷнүн ү үнүнүн ү өңуүүнүн ү үнүнүн ү өңүүүн ө ҷнүн ү үнүнүн ү өңүүүнүн ө үнүнүн ү өңүүүтүн ү ҷн үнүнүн ү өңүүүтүн ү үнүрүн ү үнүнүн ү өңүүүтүн ү өңүүүтүн ө үнүнүн ү үнүнүн ү өңуүүүнүн ү үнүнүн ү өңүүүтөүнүн ү үнүнүн ү өңүүүтөөнүн ү үнүнүн ү өңүүүтөөүнүн ү үнүнүн ү өңүүүтүөөнүн ү үнүнүн ү өңүүүтүөүнүн ү үнүнүн ү өңүүүттөрүн ү үнүнүн ү өңүүүттөрүүнүн ү үнүнүн ү өңүүүтөрүүнүн ү үнүнүн ү өңүүөн ү үнүнүн ү өңүүүтөрүүн ү үнүнүн ү өңүүүтөрүүүнүн ү үнүнүн ү өңүүүөнүн ү үнүнүн ү өңүүүтөрүөнүн ү үнүнүн ү өңүүүтөөрүн ү үнүнүн ү өңүүүтөрүөөрүн ү үнүнүн ү өңүүүтөрөөрүн ү үнүнүн ү өңүүүтөрөрүн ү үнүнүн ү өңүүүтөрөрөрүн ү үнүнүн ү өңүүүтөрөөнүн ү үнүнүн ү өңүүүтөрөрөрөрүн ү үнүнүн ү өңүүүтөөрөрөрүн ү үнүнүн ү өңүүүтүөөрөрөрүн ү үнүнүн ү өңүүүүтөөрөрөрүн ү үнүнүн ү өүүнүн ү үнүнүн ү өңүүүт ө үнүнүн ү өңүүүт ө үнүнүүн ү өңүүүт ө үнүнүн ү өңуүүнүн ү өңүүүт ө үнүнүн ү үнүнүн ү өңүүт ө үнүнүн ү өңүүүт ө үүнүн ү өңүүт ө үүнүн ү өңүүт ө үүн ү өңүүт ө үүнүн ү өңүүүт ө үүнүн ү өүүнүн ү өңүүт ө үүнүн ү өңуүүнүн ү өүүнүн ү өңүүт ө ү үнүнүн ү өңүүт ө үүнүн ү өң үүнүн ү өңүүт ө үүнүн ү өүүнүн ү өң үүнүн ү өңүүт өүүнүн ү өүүнүн ү өңүүт өүүнүн ү өү үүнүн ү өңүүт өүүнүн ү ө үүнүн ү өңүүт өүүнүн ү өңүүт өүүнүн ү үүнүн ү өңүүт өүүнүн ү ө өүүнүн ү өңүүт өүүнүн ү ҷнүн ү үнүнүн ү өң үүнүн ү өңүүт ө ө үүнүн ү өңүүт ө үүнүн ү үүнүн ү өңүүт ө үүнүн ү ө үүнүн ү өңүүт ө үүнүн ү ҷнүн ү үүнүн ү өңүүт ө үүн ү үүнүн ү өңүүт ө үүнүүн ү үүнүн ү өңүүт ө үүнүрүн ү үүнүн ү өңүүт ө үүнүдүн ү үүнүн ү өңүүт ө үүнүндүн ү үүнүн ү өңүүт ө үүнүтүн ү үүнүн ү өңүүт ө үүнүсүнүн ү үүнүн ү өңүүт ө үүсүнүн ү үүнүн ү өңүүт өүүсүнүн ү үүнүн ү өңүүт ө ө үүнүн ү үүнүн ү өңүүт ө ө ү үнүн ү өңүүт ө ө үүнүн ү өң үүнүн ү өңүүүт ө ө үүнүн ү өңүүт ө ө үүнүн ү ҷнүн ү өңүүт ө ө үүнүн ү өң өүүнүн ү ө үүнүн ү өңүүтөнүн ү үүнүн ү өңүүтөнүн ү үүн ү өңүүтөнүн ү үүнүн ү үүнүн ү өңүүтөнүнүн ү үүнүн ү өңүүтөнүүн ү үүнүн ү өңүүтөнүүнүн ү үүнүн ү өңүүтөнүрүн ү үүнүн ү өңүүтөнүрүүнүн ү үүнүн ү өңүүтөн ү үүнүн ү өңүүтөнүрүүүнүн ү үүнүн ү өңүүтөн ө үүнүн ү өңүүтөн ө үүнүнүн ү өңүүтөн ө үүнүн ү үүнүн ү өңүүтөн өүүнүн ү үүнүн ү өңүүтөнөнүүн ү үүнүн ү өңүүтөн ө үүүнүн ү өңүүтөн ө үүүнүнүн ү өңүүтөн ө үүүнүн ө үүүнүн ү өңүүтөн ө үү үүнүн ү өңүүтөн ө үүүнүүн ү өүүнүн ү өңүүтөн ө үүүнүүтөн ө үүүнүүтөн ө үүүтөн ө үүүнүүтөн ө үүүүтөн ө үүүтөн ө үүүтөн ө үүүтөн ү үүүтөн ө үүүтөн ө үүүтөөнүүтөн ө үүүтөөн ө үүүтөөн ө үүүтөөн өүүтөөн ө үүүтөөн ө үүүт өөнүүт өөнүүт өөнүүт өөнүт өөнүүт өөнүт өөнүт өөнүт өөнүт өөүт өөүт өөүт өөүт өөүт ө өөүт ө өөүт ө өөүт ө өөүт ү өөүт ө өөүт ө өөүт ө өөүт Өүүт ө өөүт Өүүт Өүүт Өүүт Өүүт Ө үүт Өүүт Өүүт Өүүт Ө өүт Өүт Өүт Өүт Өүт Өүт ӧүт Өүт ӧүт Өүт ӧүт ӧүт ӧүт ӧүт ӧүт Өүт ӧүт ӧүт Өүт ӧүт Өүт Өүт ӧүт ӧүт ӧүт Өүт Өүт ӧүт Өүт Өүт Өүт Өүт Ӧүт Өүт Өүт Өүт Өүт өүт Өүт Өүт Өүт Өүт ӫүт Өүт ӫүт ӫүт ӫүт ӫүт ӫүт Өүт ӫүт ӫүт Өүт ӫүт Өүт ӫүт Өүт Өүт ӫүт Өүт Өүт Өүт Өүт Ӫүт Өүт Өүт Өүт Өүт Ӱүт Өүт Өүт Өүт Өүт ӱүт Өүт Өүт Өүт Өүт Ӡүт Ӡүт Ӡүт Ӡүт Ӡүт Өүт Ӡүт Ӡүт Ӡүт Өүт Өүт Өүт Өүт ӟүт ӟүт ӟүт ӟүт ӟүт Ӡүт ӟүт ӟүт ӟүт ӟүт ӧүт ӟүт ӟүт ӟүт ӟүт Өүт ӟүт ӟүт ӟүт Өүт Өүт ӟүт ӟүт Өүт ӟүт Өүт ӟүт ӟүт Өүт Өүт Өүт Өүт ӣүт Өүт ӣүт Өүт ӣүт ӟүт ӟүт ӟүт ӟүт ӣүт ӟүт ӟүт ӟүт ӧүт ӧүт ӟүт ӟүт ӟүт ӧүт Өүт ӟүт ӟүт ӟүт ӧүт Ӡүт ӟүт ӟүт ӟүт ӧүт ӣүт ӟүт ӟүт ӟүт Ӡүт Ӡүт ӟүт ӟүт ӟүт Ӡүт ӧүт ӟүт ӟүт ӟүт Ӡүт Өүт ӟүт ӟүт ӟүт Ӡүт ӣүт ӟүт ӟүт ӟүт ӣүт ӧүт ӟүт ӟүт ӟүт ӣүт Ӡүт ӟүт ӟүт ӟүт ӣүт ӣүт ӟүт ӟүт ӟүт ӱт ӟүт ӟүт ӟүт ӟүт ӟ үт ӟүт ӟүт ӟүт ӟүт ӟӣүт ӟүт ӟүт ӟүт ӟүт ҟүт ӟүт ӟүт ӟүт ӟүт ҧүт ӟүт ӟүт ӟүт ӟүт ұүт ӱүт ӱүт ӱүт ӱүт ӱүт ұүт ӱүт ӱүт ӱүт ӟүт ӱүт ӱүт ӱүт ӱүт ӟүт ұүт ӱүт ӱүт ӟүт ӱүт ұүт ӱүт ӱүт ӟүт ӟүт ӱүт ӱүт ӱүт ӟүт ӟүт ұүт ӱүт ӟүт ӱүт ӱүт",130.94805194805195
/kaggle/input/uit-hwdb/UIT_HWDB_line/UIT_HWDB_line/test_data/253/25.jpg,"mà còn để con đường xuống cấp thê thảm, có phải là góp thêm phần","min con dièi' con dèi'ng xuan'ng şi'ng thich'm, s phu'ch' appi' thien phu'c'i",0.671875
/kaggle/input/uit-hwdb/UIT_HWDB_line/UIT_HWDB_line/test_data/253/26.jpg,"làm xấu đi môi trường đầu tư của thành phố hay không, và cũng",bon xin ti/ mi mua/ dài tiên cua? Chúc phù hè hay hẹn/ mi cung,0.6065573770491803
/kaggle/input/uit-hwdb/UIT_HWDB_line/UIT_HWDB_line/test_data/253/27.jpg,đồng nghĩa với việc mất đi bao nhiêu cơ hội làm việc và cải thiện cuộc sống,hợi nghĩa nói việc mới đã bao nhiêu vì hơn bốn việc và cả nhiều việc này.,0.36
/kaggle/input/uit-hwdb/UIT_HWDB_line/UIT_HWDB_line/test_data/253/28.jpg,của người lao động - đồng bào - hay không?,ou a' ngu'di bòsìrìy - dòrìy bòsì - hìy thàrìy?,0.6904761904761905
/kaggle/input/uit-hwdb/UIT_HWDB_line/UIT_HWDB_line/test_data/253/29.jpg,"Chúng ta "" hoan nghênh và biểu dương những việc làm tốt của công nhân",chuyện là có hơn nghènh vì nên Chương chuyện nói là là là là là là là là là là là là là là là là là là là là,1.1304347826086956
/kaggle/input/uit-hwdb/UIT_HWDB_line/UIT_HWDB_line/test_data/253/30.jpg,"xây dựng trong việc thông tin, phản ánh sai phạm của công trình đường",xiey ding hong yue is the major singing problem and you phonem can't join in this thing.,0.7971014492753623
/kaggle/input/uit-hwdb/UIT_HWDB_line/UIT_HWDB_line/test_data/253/31.jpg,"liên cảng A5 "", nhưng chắc là không có hình thức hoan nghênh và biểu","her song AS 2), many that is, many is what the author regards in their",0.7205882352941176
/kaggle/input/uit-hwdb/UIT_HWDB_line/UIT_HWDB_line/test_data/253/32.jpg,dương nào thiết thực hơn đối với anh Đại và những đồng nghiệp là xử lý ngay,"many units, there has been such a lot of rain in many days during the last few years.",0.84
/kaggle/input/uit-hwdb/UIT_HWDB_line/UIT_HWDB_line/test_data/253/33.jpg,những sai phạm (đã rõ mười mươi) và có biện pháp hữu hiệu khắc phục,những mối quan hệ con mình (và cả liên hệ pháp luận liên hệ thời gian),0.6716417910447762
/kaggle/input/uit-hwdb/UIT_HWDB_line/UIT_HWDB_line/test_data/253/34.jpg,những sai phạm đó. Có như vậy niềm tin vào lẽ phải mới được khôi phục,ending! Mai làm đi - có những ngày làm - gần như là phải mất đi chút phải.,0.5652173913043478
/kaggle/input/uit-hwdb/UIT_HWDB_line/UIT_HWDB_line/test_data/253/35.jpg,và người dân sẽ không còn phải đặt cược cho niềm tin của mình.,"a singular don't let them come here, they don't care who wins, it's just me.",0.8387096774193549
/kaggle/input/uit-hwdb/UIT_HWDB_line/UIT_HWDB_line/test_data/253/36.jpg,Phải là một câu chuyện đàng hoàng! Nhóm công nhân dũng cảm ấy gồm,Phân tích mối liên hệ chuyển hướng về tham gia nghiên cứu đánh giá mới về quản lý,0.8461538461538461
/kaggle/input/uit-hwdb/UIT_HWDB_line/UIT_HWDB_line/test_data/253/37.jpg,20 người vậy mà hầu như nay đã lang bạt hết. Chỉ còn anh Đại và bốn,20 người Việt mới bàn thân ngày thấy hẹn hẹn. Chứ mình Đen vẫn thật,0.582089552238806
/kaggle/input/uit-hwdb/UIT_HWDB_line/UIT_HWDB_line/test_data/253/38.jpg,"người khác. Thân phận, cuộc sống của họ là bi đát, và điều mỉa mai cũng","người nhớ thế, thân phản, quảng cáo không có thị trấn đối tác mà mặc cũng",0.5633802816901409
/kaggle/input/uit-hwdb/UIT_HWDB_line/UIT_HWDB_line/test_data/253/39.jpg,"như làm chạnh lòng tôi là có phải họ đã xả thân vì đại nghĩa để rồi gia đình,","when some changes in the pattern of the x-axis and y-axis in the figure, the",0.7792207792207793
/kaggle/input/uit-hwdb/UIT_HWDB_line/UIT_HWDB_line/test_data/253/40.jpg,"vợ con ly tán, thất nghiệp, lâm vào cảnh đời tan nát như thế sao! Vì sao họ","i've only been doing this thing, but i was only doing it for a little while.",0.7866666666666666
/kaggle/input/uit-hwdb/UIT_HWDB_line/UIT_HWDB_line/test_data/253/41.jpg,"đã làm điều đó? Ba năm trôi qua, chắc hẳn đã hàng trăm, ngàn lần","He bin diwan dius Bar man finna, what han' da hay toun ngun ha'",0.640625
/kaggle/input/uit-hwdb/UIT_HWDB_line/UIT_HWDB_line/test_data/253/42.jpg,"câu hỏi đó tự đến với họ hoặc đến từ người thân, bạn bè đi kèm sự chua",can have a lot of fun - we'll have fun in your living room.,0.7714285714285715
/kaggle/input/uit-hwdb/UIT_HWDB_line/UIT_HWDB_line/test_data/253/43.jpg,"chát, ngậm ngùi.",chat / nymm my.,0.5625
/kaggle/input/uit-hwdb/UIT_HWDB_line/UIT_HWDB_line/test_data/253/44.jpg,"Và hôm nay, chúng ta cũng cần hỏi câu hỏi này với chính mình.","va bám này, chuyện luôn còn hơi còn hàng vừa chính mình.",0.4098360655737705
/kaggle/input/uit-hwdb/UIT_HWDB_line/UIT_HWDB_line/test_data/250/1.jpg,Thứ trưởng Bộ Tài nguyên & môi trường Đặng Hùng Võ tâm đắc với,Thứ tháng Bảy năm ngày và mới tháng Đáng Hùng vào năm 1942 với:,0.43548387096774194
/kaggle/input/uit-hwdb/UIT_HWDB_line/UIT_HWDB_line/test_data/250/2.jpg,"cơ chế "" khuyến khích nhà đầu tư thỏa thuận với người sử dụng đất để nhận","có thể ""không khác, mà tôi thỏa thuận với người sửa đổi"" để nhấn",0.3698630136986301
/kaggle/input/uit-hwdb/UIT_HWDB_line/UIT_HWDB_line/test_data/250/3.jpg,"chuyển nhượng hoặc thuê quyền sử dụng đất, nhận góp vốn bằng quyền sử","chuyên nhúng hoặc thực quyển sử dụng đặt, nhân góp vốn bảng quyển sử",0.14492753623188406
/kaggle/input/uit-hwdb/UIT_HWDB_line/UIT_HWDB_line/test_data/250/4.jpg,"dụng đất... "" Nhưng tại hội nghị hôm qua, tiếng nói từ các sở tài nguyên","dùng đặt ... "" Mừng tai hồi nghĩa hôm qua, tiếng nói: hãi cái gò tàn nguyện.",0.2777777777777778
/kaggle/input/uit-hwdb/UIT_HWDB_line/UIT_HWDB_line/test_data/250/5.jpg,"& môi trường lại đều đồng thanh "" loại bỏ "" điều khoản này ra khỏi dự thảo.","và mới thấy lời tiếc hãm ""you bo"" tiếc chưa nảy ra loại đủ tháo.",0.5466666666666666
/kaggle/input/uit-hwdb/UIT_HWDB_line/UIT_HWDB_line/test_data/250/6.jpg,Giám đốc Sở Tài nguyên & môi trường Hải Phòng Chu Minh Tuấn cho,gian đời Sở tài nguyên và môi trường Hải phòng chương Minh Trần che,0.20634920634920634
/kaggle/input/uit-hwdb/UIT_HWDB_line/UIT_HWDB_line/test_data/250/7.jpg,"biết thành phố cảng từng áp dụng cơ chế "" thỏa thuận "" trong một số","but think that can't bring up being a cheater. ""I don't think I'm a cheater.""",0.7164179104477612
/kaggle/input/uit-hwdb/UIT_HWDB_line/UIT_HWDB_line/test_data/250/8.jpg,"rất ít trường hợp, vậy mà đã gây phản ứng theo kiểu dây chuyền khá","yet it might happen, and my main goal in my life is to stay young the whole day.",0.8787878787878788
/kaggle/input/uit-hwdb/UIT_HWDB_line/UIT_HWDB_line/test_data/250/9.jpg,"mạnh : anh này nhận tiền rồi quay lại đòi nữa, anh kia thỏa thuận","mamh: anh nay nhân triển rồi quay lại đời mùa, anh luôn thơ thưa.",0.2923076923076923
/kaggle/input/uit-hwdb/UIT_HWDB_line/UIT_HWDB_line/test_data/250/10.jpg,xong quay ra đòi thỏa thuận lại...,xong quay ra tôi thoa' thua lai...,0.20588235294117646
/kaggle/input/uit-hwdb/UIT_HWDB_line/UIT_HWDB_line/test_data/250/11.jpg,"Chưa kể để doanh nghiệp và người dân "" nói chuyện "" với nhau như","clima leită"" doamă înghețat va îngheța dacă ""nici clingeță"" voia înainte me",0.71875
/kaggle/input/uit-hwdb/UIT_HWDB_line/UIT_HWDB_line/test_data/250/12.jpg,"vậy, quyền của cơ quan quản lý nhà nước sẽ mất đi. "" Tôi cũng có suy","vâng, quyên của cô quan quan lý nhà nước sẽ mất đi. ""Tôi cũng có sự",0.1323529411764706
/kaggle/input/uit-hwdb/UIT_HWDB_line/UIT_HWDB_line/test_data/250/13.jpg,"nghĩ như đồng chí "" Bỏ được qui định này đi thì tốt. Cùng một lúc chúng","night-night chai"" Bo"" there, you drink may stir the hot. Can't make the thing",0.647887323943662
/kaggle/input/uit-hwdb/UIT_HWDB_line/UIT_HWDB_line/test_data/250/14.jpg,ta thực hiện hai cơ chế (vừa Nhà nước thực hiện thu hồi đất như cách,"на что ни к чему, если сонно, когда надо, то что ни в чем не дано, что ни в чем нет.",1.0294117647058822
/kaggle/input/uit-hwdb/UIT_HWDB_line/UIT_HWDB_line/test_data/250/15.jpg,"làm lâu nay, vừa khuyến khích nhà đầu tư thỏa thuận với người sử dụng","kim nay, suân lehgren’ khác là một đoạn từ thông thường với người sử dụng",0.4782608695652174
/kaggle/input/uit-hwdb/UIT_HWDB_line/UIT_HWDB_line/test_data/250/16.jpg,"đất) thì phức tạp - ông Trịnh Kiên Đĩnh, phó giám đốc Sở Tài","тай (т) пил'кап - jəŋ Trinh ličen Əlin, p'ə'giən stə'cə sə'ta",0.6666666666666666
/kaggle/input/uit-hwdb/UIT_HWDB_line/UIT_HWDB_line/test_data/250/17.jpg,"nguyên - môi trường và nhà đất Hà Nội, lên tiếng.",negligent - most dutifully was what death had no right to do.,0.8163265306122449
/kaggle/input/uit-hwdb/UIT_HWDB_line/UIT_HWDB_line/test_data/250/18.jpg,"Bảo vệ lập trường của cơ quan soạn thảo, Thứ trưởng Đặng Hùng Võ khẳng định","Báo với, lớp thường cần quen sạch tháo, Thủ trưởng đứng vị trí thứ nhất.",0.4533333333333333
/kaggle/input/uit-hwdb/UIT_HWDB_line/UIT_HWDB_line/test_data/250/19.jpg,""" trường hợp nhà đầu tư có nhu cầu thỏa thuận với người đang sử dụng đất, chúng","nǐnǐng hǎo, mā mā shì ér sān nián chū rì, wǒ nǐ guò le dāng rén de, dìng",0.7341772151898734
/kaggle/input/uit-hwdb/UIT_HWDB_line/UIT_HWDB_line/test_data/250/20.jpg,"ta cần khuyến khích vì Nhà nước chẳng mất cái gì cả "". Ông Võ "" kêu gọi "" :","ta cán huỳnh biết rõ Nhà nước chẳng mất cái gì cả "". ông vợ ""kiên gọi"":",0.24
/kaggle/input/uit-hwdb/UIT_HWDB_line/UIT_HWDB_line/test_data/250/21.jpg,"chúng ta cần thay đổi trong quan điểm, không nên để hệ thống hành chính","ching fe cên thay đổi trong quan điểm, không nên đọc lên thông hành chính",0.14084507042253522
/kaggle/input/uit-hwdb/UIT_HWDB_line/UIT_HWDB_line/test_data/250/22.jpg,"ôm về mình nhiều quá, bởi ôm càng nhiều thì sai càng nhiều. Bộ trưởng Mai","ơn viêm nhìn qua, bởi ôm càng nhìn thì sao càng nhìn, Bí trưng Mai",0.2876712328767123
/kaggle/input/uit-hwdb/UIT_HWDB_line/UIT_HWDB_line/test_data/250/23.jpg,Ái Trực tiếp lời : Các nước đều áp dụng cơ chế tự thỏa thuận khi thu hồi,Aí frute tróp léi: Che muió stáir do lengy ós ché tróth thóag lhú thúchó!,0.5833333333333334
/kaggle/input/uit-hwdb/UIT_HWDB_line/UIT_HWDB_line/test_data/250/24.jpg,đất.,书法,1.0
/kaggle/input/uit-hwdb/UIT_HWDB_line/UIT_HWDB_line/test_data/250/25.jpg,"Ngay cả trường hợp ta không qui định, người dân và doanh nghiệp vẫn thực hiện","Ngay cũ trường hẹp tư liêng qui định, người dân và doanh nghiệp vẫn thực hiện",0.07792207792207792
/kaggle/input/uit-hwdb/UIT_HWDB_line/UIT_HWDB_line/test_data/250/26.jpg,"cơ chế này. "" Nếu cứ dùng quyền lực hành chính nhà nước với mô hình khuôn","of the day. ""We'll do things right, the hand that makes music is the hand that does it.""",0.8493150684931506
/kaggle/input/uit-hwdb/UIT_HWDB_line/UIT_HWDB_line/test_data/250/27.jpg,"cứng, người dân sẽ kêu "" - ông Trực nói. Chuyện "" bố "" - "" con "". Phó giám đốc","cùng, người dân tác kêu ""ông Trúc nói. Chuyên ""bò"" - ""con"". Phó Giám đốc.",0.19230769230769232
/kaggle/input/uit-hwdb/UIT_HWDB_line/UIT_HWDB_line/test_data/250/28.jpg,Sở Tài nguyên - môi trường & nhà đất Hà Nội Trịnh Kiên Đĩnh đề nghị : thẩm,Số Tài nguyên - môi trường ở nhà đất Hà Nội Trinh Kiên Đình đất nghị: Trần,0.13513513513513514
/kaggle/input/uit-hwdb/UIT_HWDB_line/UIT_HWDB_line/test_data/250/29.jpg,"quyền thu hồi đất, giao đất phải được thể hiện theo tinh thần "" ông bố bao trùm","quyên thư lời: đặt, giao đặt phải: đưa thơ hien theo tình ưng lời bao trùm",0.3037974683544304
/kaggle/input/uit-hwdb/UIT_HWDB_line/UIT_HWDB_line/test_data/250/30.jpg,"ông con "". Theo đó, UBND cấp tỉnh, thành phố được quyền thu hồi, giao đất","Bing can’t. Theo doesn’t think, thanks please, guys in the list, you don’t",0.6301369863013698
/kaggle/input/uit-hwdb/UIT_HWDB_line/UIT_HWDB_line/test_data/250/31.jpg,"thuộc thẩm quyền của UBND cấp quận, huyện (thay vì qui định như hiện nay,","These thăm quyên của UBND cấp quận, huyện (They or qui định như thêm này,",0.1780821917808219
/kaggle/input/uit-hwdb/UIT_HWDB_line/UIT_HWDB_line/test_data/250/32.jpg,""" ông bố "" muốn làm điều này phải thông báo cho "" ông con "" thực hiện, vừa nhiêu","""Ủng bố"" mưu sản đại niệm phải thông báo cho ông con ""thực hiện, ưu tiên""",0.3125
/kaggle/input/uit-hwdb/UIT_HWDB_line/UIT_HWDB_line/test_data/250/33.jpg,khê vừa không thể hiện hướng đi cải cách thủ tục hành chính).,the sun shining like a burning star each time the thunderous.,0.7213114754098361
/kaggle/input/uit-hwdb/UIT_HWDB_line/UIT_HWDB_line/test_data/250/34.jpg,"Lập tức Thứ trưởng Đặng Hùng Võ phản ứng : "" ông bố "" có quyền của "" ông bố "",","Tap the third finger, bring the thumb up, ""long be"" to queen in a ""long be"".",0.5897435897435898
/kaggle/input/uit-hwdb/UIT_HWDB_line/UIT_HWDB_line/test_data/250/35.jpg,""" ông con "" có quyền của "" ông con "". Luật không cho phép "" ông bố "" làm thay "" ông","""Gìng còn"" có quyển của ""Gìng còn"". Lượt không đảo pháp ""ông bà"" làm thay ""ông",0.21686746987951808
/kaggle/input/uit-hwdb/UIT_HWDB_line/UIT_HWDB_line/test_data/250/36.jpg,"con "". Trường hợp nào làm thay là phạm luật, chỉ có điều hiện nay các "" ông","com"". Trường hợp nào làm thay lại phạm luật, thì có điều kiện huy động",0.21333333333333335
/kaggle/input/uit-hwdb/UIT_HWDB_line/UIT_HWDB_line/test_data/250/37.jpg,"con "" không dám kêu mà thôi!","con ""kêng đám kiên ma-tsi !""",0.42857142857142855
/kaggle/input/uit-hwdb/UIT_HWDB_line/UIT_HWDB_line/test_data/254/1.jpg,KHÁI QUÁT VỀ BIỂN ĐẢO VIỆT NAM,KHAI QUẢT VIỆN BIẾN ĐẬO VIỆT NAM,0.23333333333333334
/kaggle/input/uit-hwdb/UIT_HWDB_line/UIT_HWDB_line/test_data/254/2.jpg,Nước ta giáp với biển Đông ở hai phía Đông và Nam. Vùng biển Việt Nam,Nước ta gặp với bình Đông ở hai phía Đông và Nam. Vùng bình Việt Nam,0.11594202898550725
/kaggle/input/uit-hwdb/UIT_HWDB_line/UIT_HWDB_line/test_data/254/3.jpg,là một phần biển Đông.,là một phản biện đóng.,0.13636363636363635
/kaggle/input/uit-hwdb/UIT_HWDB_line/UIT_HWDB_line/test_data/254/4.jpg,"Bờ biển dài 3.260 km, từ Quảng Ninh đến Kiên Giang. Như vậy cứ 100 km2","Bà biên đài 3.260 km, tại Quảng Ninh tân Kiên Giang. Như vậy đã 100 km.",0.14285714285714285
/kaggle/input/uit-hwdb/UIT_HWDB_line/UIT_HWDB_line/test_data/254/5.jpg,thì có 1 km bờ biển (trung bình của thế giới là 600 km2 đất liền / 1 km bờ biển).,thì có 1 km bị biên (trung bình của thời gian là 600km² đạt biên/1km bị biên).,0.19753086419753085
/kaggle/input/uit-hwdb/UIT_HWDB_line/UIT_HWDB_line/test_data/254/6.jpg,"Biển có vùng nội thủy, lãnh hải, vùng đặc quyền kinh tế và thềm lục địa với","Bên cơ vùng nội thụy, tành hài, vùng đa nguyên kinh tế và thêm lịch sử",0.28
/kaggle/input/uit-hwdb/UIT_HWDB_line/UIT_HWDB_line/test_data/254/7.jpg,diện tích trên 1 triệu km2 (gấp 3 diện tích đất liền : 1 triệu km2 /,"when fish aren't alive, they're gone & dies for fish that live: fishes",0.7941176470588235
/kaggle/input/uit-hwdb/UIT_HWDB_line/UIT_HWDB_line/test_data/254/8.jpg,330.000 km2),"\[ 330.000 \, \text{km}^2 \]",1.4166666666666667
/kaggle/input/uit-hwdb/UIT_HWDB_line/UIT_HWDB_line/test_data/254/9.jpg,"Trong đó có 2 quần đảo Hoàng Sa, Trường Sa và 2.577 đảo lớn, nhỏ,","Gương đó có liệu thông Sa, Gương Sa và 2.5772của thời,",0.4461538461538462
/kaggle/input/uit-hwdb/UIT_HWDB_line/UIT_HWDB_line/test_data/254/10.jpg,"gần và xa bờ, hợp thành phòng tuyến bảo vệ, kiểm soát và làm chủ","gài vì xa bố, hẹp thính phòng tuyển báo vệ, kiếm soát và làm chủ",0.140625
/kaggle/input/uit-hwdb/UIT_HWDB_line/UIT_HWDB_line/test_data/254/11.jpg,vùng biển.,"Mün  
bien?",0.6
/kaggle/input/uit-hwdb/UIT_HWDB_line/UIT_HWDB_line/test_data/254/12.jpg,"Có vị trí chiến lược quan trọng : nối liền Thái Bình Dương với Ấn Độ Dương,","Cô vị thứ chiến thắng quan trọng: mọi liên hệ bữu Đông với Anh Đông,",0.37333333333333335
/kaggle/input/uit-hwdb/UIT_HWDB_line/UIT_HWDB_line/test_data/254/13.jpg,"châu Á với châu Âu, châu Úc với Trung Đông. Giao lưu quốc tế thuận","cháu A với cháu A, cháu Vô với Trung Đông. Giáo luôn quyết thích",0.2878787878787879
/kaggle/input/uit-hwdb/UIT_HWDB_line/UIT_HWDB_line/test_data/254/14.jpg,"lợi, phát triển ngành biển.","\[ \{ \text{iii, phát triển ngành bản} \}. \]",0.8518518518518519
/kaggle/input/uit-hwdb/UIT_HWDB_line/UIT_HWDB_line/test_data/254/15.jpg,Có khí hậu biển là vùng nhiệt đới tạo điều kiện cho sinh vật biển phát,Có khi hầu biên lá vùng nhiệt đội tạo điều kiện cho sâu vât biên phát,0.14285714285714285
/kaggle/input/uit-hwdb/UIT_HWDB_line/UIT_HWDB_line/test_data/254/16.jpg,"triển, tồn tại tốt.","триен, тян тай тът.",0.7368421052631579
/kaggle/input/uit-hwdb/UIT_HWDB_line/UIT_HWDB_line/test_data/254/17.jpg,"Có tài nguyên sinh vật và khoáng sản phong phú, đa dạng, quý hiếm.","Có tài nguyên sinh vật và khoảng sân phòng phù, tá dạng quý hôm.",0.13636363636363635
/kaggle/input/uit-hwdb/UIT_HWDB_line/UIT_HWDB_line/test_data/254/18.jpg,"Vùng biển và hải đảo nước ta có vị trí chiến lược hết sức to lớn, có ảnh hưởng","Vùng bình văn hải đảo mốc ta có rìa chính lưỡi hết sức to lớn, có ảnh hưởng",0.24358974358974358
/kaggle/input/uit-hwdb/UIT_HWDB_line/UIT_HWDB_line/test_data/254/19.jpg,trực tiếp đến sự nghiệp bảo vệ nền độc lập dân tộc và xây dựng chủ nghĩa,trúc-tập đến sự nghiệp bảo vệ niên độc lập đảm bảo vai trò đáng chú nghĩa.,0.2916666666666667
/kaggle/input/uit-hwdb/UIT_HWDB_line/UIT_HWDB_line/test_data/254/20.jpg,"xã hội, có liên quan trực tiếp đến sự phồn vinh của đất nước, đến văn","xǐ hài, eó hèn quen thích tấp đến sự phản vinh của đất mùa, đến văn",0.2463768115942029
/kaggle/input/uit-hwdb/UIT_HWDB_line/UIT_HWDB_line/test_data/254/21.jpg,minh và hạnh phúc của nhân dân.,mình và hành phúc của mình dân.,0.1935483870967742
/kaggle/input/uit-hwdb/UIT_HWDB_line/UIT_HWDB_line/test_data/251/1.jpg,Chương trình hành động thực hiện Nghị quyết trung ương 9 - khóa,Chuông trình hành dòng thực hiện Nghị quyết trung ương 9-thoại,0.15873015873015872
/kaggle/input/uit-hwdb/UIT_HWDB_line/UIT_HWDB_line/test_data/251/2.jpg,IX của Đảng bộ TP.HCM Về xây dựng Đảng : tiếp tục chỉ đạo mạnh,"IX cùa Đàng bà TP.HCM về xây dựng Đàng: tiếp tục chỉ đạo mạnh,",0.0967741935483871
/kaggle/input/uit-hwdb/UIT_HWDB_line/UIT_HWDB_line/test_data/251/3.jpg,"mẽ, có hiệu quả cuộc vận động xây dựng chỉnh đốn Đảng theo tinh","mèi, cô hiụu quả cuôc vân tông xây dựng chính tâm Đảng đệo tinh.",0.3333333333333333
/kaggle/input/uit-hwdb/UIT_HWDB_line/UIT_HWDB_line/test_data/251/4.jpg,"thần nghị quyết trung ương 6 (lần 2). Theo đó, tiếp tục thực hiện việc","đường nghị quyết trung ương 6 (liên đề). Theo đó, tiếp tục được hiện việc",0.15714285714285714
/kaggle/input/uit-hwdb/UIT_HWDB_line/UIT_HWDB_line/test_data/251/5.jpg,kê khai nhà đất và cơ sở sản xuất kinh doanh của cán bộ - công chức;,Lê khai mời đất và có sợ xin quát hình doanh của cán bộ - cảng chày.,0.23529411764705882
/kaggle/input/uit-hwdb/UIT_HWDB_line/UIT_HWDB_line/test_data/251/6.jpg,"tăng cường thanh kiểm tra những nơi có dấu hiệu vi phạm, đặc biệt","tăng cường thành hiện trạng những nơi có điều hiện vi phạm, đặc biệt",0.16923076923076924
/kaggle/input/uit-hwdb/UIT_HWDB_line/UIT_HWDB_line/test_data/251/7.jpg,trong lĩnh vực đất đai và các công trình trọng điểm.,trong linh viết đặt đại văn cai cộng trình trong điển.,0.25
/kaggle/input/uit-hwdb/UIT_HWDB_line/UIT_HWDB_line/test_data/251/8.jpg,Xử lý nghiêm minh theo pháp luật và kỷ luật của Đảng những người,Xǐ lǐyíngmíng mínhòu zhào pìap liànt wǎ hǐ liànt cuàidàng míngnguóir,0.578125
/kaggle/input/uit-hwdb/UIT_HWDB_line/UIT_HWDB_line/test_data/251/9.jpg,có hành vi sai trái và những người bao che. Thực hiện tốt các quy định,"cù hánh vì sai trái và những người bao che. Thích hiện tốt cả quy định,",0.11428571428571428
/kaggle/input/uit-hwdb/UIT_HWDB_line/UIT_HWDB_line/test_data/251/10.jpg,"đối với cán bộ lãnh đạo, quản lý để xảy ra tham nhũng, tiêu cực ở cơ","tôi vẫn còn bỏ lành dao, quản lý để xảy ra ham nhưng tiêu cực 3 cơ",0.19117647058823528
/kaggle/input/uit-hwdb/UIT_HWDB_line/UIT_HWDB_line/test_data/251/11.jpg,"quan, đơn vị. Kiện toàn và tăng cường sức chiến đấu của tổ chức","mean, đơn vị. Kiên trần và tảng xuống sức chịu đau của tổ chức",0.20634920634920634
/kaggle/input/uit-hwdb/UIT_HWDB_line/UIT_HWDB_line/test_data/251/12.jpg,cơ sở Đảng. Tiếp tục đổi mới và nâng cao công tác cán bộ. Tiếp tục,c8 33 Đảng. Trúp túc đổi mới vai măng cao công tác cán bộ. Trúp túc,0.19696969696969696
/kaggle/input/uit-hwdb/UIT_HWDB_line/UIT_HWDB_line/test_data/251/13.jpg,đổi mới phương thức lãnh đạo của cấp ủy Đảng theo phương châm,tôi mới phường thức lành tạo của cặp úy đáng phường chân.,0.26229508196721313
/kaggle/input/uit-hwdb/UIT_HWDB_line/UIT_HWDB_line/test_data/251/14.jpg,hướng mạnh về cơ sở.,hùng manh về cả 3.,0.3
/kaggle/input/uit-hwdb/UIT_HWDB_line/UIT_HWDB_line/test_data/251/15.jpg,"Về cải cách hành chính : Tập trung chấn chỉnh mạnh hơn nữa kỷ cương,",Về dài cách hành chính: Tập trung chân chính mạnh hơn mùa hội cương,0.16176470588235295
/kaggle/input/uit-hwdb/UIT_HWDB_line/UIT_HWDB_line/test_data/251/16.jpg,"kỷ luật trong bộ máy hành chính, nâng cao tinh thần trách nhiệm và","hú luật trọng bả: mày hành chính, nâng cao trình thân tách nhiệm và",0.15151515151515152
/kaggle/input/uit-hwdb/UIT_HWDB_line/UIT_HWDB_line/test_data/251/17.jpg,"ý thức kỷ luật của CB - CC, nhất là trên lĩnh vực nhà đất, đầu tư,","j' dière hip luat cuo CC, mhat la tren linh vie mha dat, daute.",0.5151515151515151
/kaggle/input/uit-hwdb/UIT_HWDB_line/UIT_HWDB_line/test_data/251/18.jpg,"kinh doanh, trật tự xây dựng và giải quyết khiếu nại, tố cáo.","mình doanh, trật tự cây dừng và giàu quyết nhiều mẹ, từ câu:",0.2459016393442623
/kaggle/input/uit-hwdb/UIT_HWDB_line/UIT_HWDB_line/test_data/251/19.jpg,Xây dựng hoàn thiện hệ thống các qui trình thủ tục hành chính.,Kaiy dùng hoàn thiện hệ thống các quy trình thủ tục hành chính.,0.08064516129032258
/kaggle/input/uit-hwdb/UIT_HWDB_line/UIT_HWDB_line/test_data/251/20.jpg,"Kiên quyết chấn chỉnh bộ máy hành chính các cấp, nhanh chóng","Kuei quyết chán chính bả may hành chính cai cáp, mành chóng",0.21666666666666667
/kaggle/input/uit-hwdb/UIT_HWDB_line/UIT_HWDB_line/test_data/251/21.jpg,"khắc phục tình trạng quan liêu, cửa quyền, hách dịch.","khác phục tinh trang quan liệu, cùa quyên, khách đến.",0.20754716981132076
/kaggle/input/uit-hwdb/UIT_HWDB_line/UIT_HWDB_line/test_data/251/22.jpg,Xây dựng và phát triển đội ngũ CB - CC có chất lượng chuyên môn,Xây dựng và phát triển tài nguyên CB-CC có chất lượng chuyên môn.,0.14285714285714285
/kaggle/input/uit-hwdb/UIT_HWDB_line/UIT_HWDB_line/test_data/251/23.jpg,"cao, có phẩm chất, đạo đức. Kiểm tra, xử lý kiên quyết các vụ","eaò, èò phàimh chàit, tàao dhìic. Kièim tra, xìù lèj chèin quyèt càùùùùùùùùùùùùùùùùùùùù",0.7868852459016393
/kaggle/input/uit-hwdb/UIT_HWDB_line/UIT_HWDB_line/test_data/251/24.jpg,"tham nhũng, lãng phí, làm thất thoát tài sản nhà nước... Về kinh","tham nhung, làng phí, làm thật thoát tài sản nhà nước... Viêm nh",0.109375
/kaggle/input/uit-hwdb/UIT_HWDB_line/UIT_HWDB_line/test_data/251/25.jpg,"tế : Tập trung mọi nỗ lực nhằm tháo gỡ sản xuất kinh doanh,","tiế: Tập trung mới nổi tiếc nhằm thay giá sản xuất như dành,",0.288135593220339
/kaggle/input/uit-hwdb/UIT_HWDB_line/UIT_HWDB_line/test_data/251/26.jpg,đưa tốc độ tăng trưởng GDP trên địa bàn TP đạt 12% năm,đưa tôi đã tăng trưởng OP trên địa bàn TP đạt 14% năm,0.1111111111111111
/kaggle/input/uit-hwdb/UIT_HWDB_line/UIT_HWDB_line/test_data/251/27.jpg,"2004 và trên 12% năm 2005. Phát triển nhanh các ngành dịch vụ,",2004 năm triển lãi và năm 2005. Đặt triển nhạnh các ngành dịch vụ.,0.25806451612903225
/kaggle/input/uit-hwdb/UIT_HWDB_line/UIT_HWDB_line/test_data/251/28.jpg,tái cấu trúc các ngành công nghiệp.,tài cầu tiêu cài ngành công nghiệp.,0.2
/kaggle/input/uit-hwdb/UIT_HWDB_line/UIT_HWDB_line/test_data/251/29.jpg,Tiếp tục nhân rộng các mô hình huy động vốn đầu tư. Tập trung khai,tiếp tục nhận rằng cái mù hình huy dáng vẫn dâu trở. Tập trung khá,0.19696969696969696
/kaggle/input/uit-hwdb/UIT_HWDB_line/UIT_HWDB_line/test_data/251/30.jpg,thác các nguồn vốn cho ngân sách. Tổng kết quá trình cổ phần hóa,đời cuối người với cho ngàn sách. Từng hết quả trình có phản hại.,0.328125
/kaggle/input/uit-hwdb/UIT_HWDB_line/UIT_HWDB_line/test_data/251/31.jpg,doanh nghiệp nhà nước và việc tổ chức sắp xếp lại doanh nghiệp nhà,doanh nghiệp nhận nhiều và việc tổ chức sắp xếp lại doanh nghiệp nhà,0.09090909090909091
/kaggle/input/uit-hwdb/UIT_HWDB_line/UIT_HWDB_line/test_data/251/32.jpg,nước. Triển khai quyết định của TP về một số chính sách ưu đãi,mùát. Trùńń khaí gựyết đeńń của TP vè một só châńh sách của tàn.,0.6451612903225806
/kaggle/input/uit-hwdb/UIT_HWDB_line/UIT_HWDB_line/test_data/251/33.jpg,đối với các dự án có vốn đầu tư nước ngoài. Rà soát lại chương,tôi vui cái lời ăn cơ vốn thân thiện người. Khi soát lại chúng,0.41935483870967744
/kaggle/input/uit-hwdb/UIT_HWDB_line/UIT_HWDB_line/test_data/251/34.jpg,trình hội nhập kinh tế của TP. Về văn hóa - xã hội : đẩy mạnh,tạnh hơi nhạp hình tứ của TP. Về văn hoá - xã hội: đây mạnh,0.18032786885245902
/kaggle/input/uit-hwdb/UIT_HWDB_line/UIT_HWDB_line/test_data/251/35.jpg,"xã hội hóa, phát triển xã hội học tập, ưu tiên đầu tư ngân","cái hồn thoát, phát triển xã hội học tập, ưu tiên đấu tranh ngàn",0.25862068965517243
/kaggle/input/uit-hwdb/UIT_HWDB_line/UIT_HWDB_line/test_data/251/36.jpg,sách cho giáo dục - đào tạo.,Lạch cho giàu dục - đào tạo.,0.14285714285714285
/kaggle/input/uit-hwdb/UIT_HWDB_line/UIT_HWDB_line/test_data/251/37.jpg,Nâng cao năng lực quản lý nhà nước trên các lĩnh vực kinh doanh,Nàng cao nàng lúc quàn lý nhà nước trên cái linh vực hình danh.,0.15873015873015872
/kaggle/input/uit-hwdb/UIT_HWDB_line/UIT_HWDB_line/test_data/251/38.jpg,"dịch vụ văn hóa; khắc phục những sơ hở, tiêu cực trong quản lý","dich nu sẵn hoa; nhau phục những sẵn hồ, tiêu cực trong quản lý.",0.20967741935483872
/kaggle/input/uit-hwdb/UIT_HWDB_line/UIT_HWDB_line/test_data/251/39.jpg,và hoạt động văn hóa. Tiếp tục tập trung nguồn lực cho chương,và hoạt động văn hoá. Trải túc túc tập trung người lúc cho chúng,0.2459016393442623
/kaggle/input/uit-hwdb/UIT_HWDB_line/UIT_HWDB_line/test_data/251/40.jpg,trình 3 giảm...,tinh 3 gian...,0.26666666666666666
/kaggle/input/uit-hwdb/UIT_HWDB_line/UIT_HWDB_line/test_data/255/1.jpg,BẢN CHẤT CỦA THÀNH CÔNG,Bản chất của thành công,0.0
/kaggle/input/uit-hwdb/UIT_HWDB_line/UIT_HWDB_line/test_data/255/2.jpg,Đã bao giờ bạn tự hỏi thành công là gì mà bao kẻ bỏ cả cuộc đời mình theo đuổi? Phải chăng,"""Are you going to be here tomorrow?""",0.8333333333333334
/kaggle/input/uit-hwdb/UIT_HWDB_line/UIT_HWDB_line/test_data/255/3.jpg,"đó là kết quả hoàn hảo trong công việc, sự chính xác đến từng chi tiết? Hay đó là cách nói","this is what you mean, that strong voice, it's always easier than trying out that? I may do it easier, not.",0.7888888888888889
/kaggle/input/uit-hwdb/UIT_HWDB_line/UIT_HWDB_line/test_data/255/4.jpg,"khác của từ thành đạt, nghĩa là có được một cuộc sống giàu sang, được mọi người nể phục?","khác cũn từ thanh đạt, nghĩa là có điều cũng sống quan sang, điều mới nghĩa là phục ợ",0.3181818181818182
/kaggle/input/uit-hwdb/UIT_HWDB_line/UIT_HWDB_line/test_data/255/5.jpg,Vậy thì bạn hãy dành chút thời gian để lặng mình suy ngẫm.,Vậy thì bạn hãy dành chút thời gian để kể những suy ngẫm.,0.13793103448275862
/kaggle/input/uit-hwdb/UIT_HWDB_line/UIT_HWDB_line/test_data/255/6.jpg,Cuộc sống sẽ chỉ cho bạn có những người thành đạt được thành công theo một cách giản dị đến bất,que song se chú cho ban có những người thánh tất thánh ứng thời một cách gần đón tới.,0.3157894736842105
/kaggle/input/uit-hwdb/UIT_HWDB_line/UIT_HWDB_line/test_data/255/7.jpg,ngờ,hā,1.0
/kaggle/input/uit-hwdb/UIT_HWDB_line/UIT_HWDB_line/test_data/255/8.jpg,"Thành công là khi bố và con trai có dũng khí bước vào bếp, nấu những món ăn mẹ thích nhân","Thanh càng lẫn khu bốc và con trai có dùng khứ biết nào bap, nếu những món ăn mẹ-thách nhau",0.20224719101123595
/kaggle/input/uit-hwdb/UIT_HWDB_line/UIT_HWDB_line/test_data/255/9.jpg,"ngày 8 - 3. Món canh có thể hơi mặn, món cá sốt đáng lẽ phải có màu đỏ sậm thì lại ngả sang",ngay 8-3. Mời cạnh cơ thế này mời cơ sở đăng lệ phát cờ mua đợi sân thi lục ngã sang,0.3956043956043956
/kaggle/input/uit-hwdb/UIT_HWDB_line/UIT_HWDB_line/test_data/255/10.jpg,"màu... đen cháy. Nhưng nhìn mâm cơm, mẹ vẫn cười. Bởi vì hai bố con không thể thành","mai ... den chay. Những mình màn cơm, mẹ em cũng cũng: ôi vì hai bên không thể thành",0.3253012048192771
/kaggle/input/uit-hwdb/UIT_HWDB_line/UIT_HWDB_line/test_data/255/11.jpg,"công trên "" chiến trường "" bếp núc, nhưng lại thành công khi tặng mẹ "" đoá hồng "" của tình yêu.","sing three ""chicken"" biting ""bep"" nice, making last thanks only his ""beep"" me. ""da king"" can't think you.",0.6105263157894737
/kaggle/input/uit-hwdb/UIT_HWDB_line/UIT_HWDB_line/test_data/255/12.jpg,"Một món quà ý nghĩa hơn cả những món quà quý giá, hạnh phúc ấy long lanh in trong mắt","mei min quan yin huon hien ca nhung min quan quy giao, hanh phuc ay long lanh in trong an tet",0.3411764705882353
/kaggle/input/uit-hwdb/UIT_HWDB_line/UIT_HWDB_line/test_data/255/13.jpg,mẹ.,mē,0.6666666666666666
/kaggle/input/uit-hwdb/UIT_HWDB_line/UIT_HWDB_line/test_data/255/14.jpg,"Thành công còn là hình ảnh một cậu bé bị dị tật ở chân, không bao giờ đi lại bình thường","Thank ing can in hinh anh mat eau be bi at tat e chao, kring bao giu tai lai binh thuing",0.32954545454545453
/kaggle/input/uit-hwdb/UIT_HWDB_line/UIT_HWDB_line/test_data/255/15.jpg,"được. Từ nhỏ cậu đã nuôi ước mơ trở thành cầu thủ bóng đá. Sau bao nỗ lực khổ luyện, cậu","Hei. Tôi nhớ cảm ấn tôi mơ tôi thích cảm thứ bóng tôi. Sau bao nó lúc khá chẳng, cảm",0.42045454545454547
/kaggle/input/uit-hwdb/UIT_HWDB_line/UIT_HWDB_line/test_data/255/16.jpg,"bé trở thành cầu thủ dự bị trong một đội bóng nhỏ, và chưa bao giờ được chính thức ra sân.","he treat thanks each the all bi tong met ats long nha, po chua bao giat the chun thue ra sao.",0.4444444444444444
/kaggle/input/uit-hwdb/UIT_HWDB_line/UIT_HWDB_line/test_data/255/17.jpg,"Nhưng đó không phải là thất bại. Trái lại, thành công đã nở hoa khi cậu bé năm xưa, với bao","Nothing don't bring pleas. In that bar. Treats last, thankin' don't bring him out. In man man, you have",0.7032967032967034
/kaggle/input/uit-hwdb/UIT_HWDB_line/UIT_HWDB_line/test_data/255/18.jpg,"nghị lực và quyết tâm, đã chiến thắng hoàn cảnh để theo đuổi ước mơ từ ngày thơ bé.","night, we use a night lamp, and always hang a lamp beside the bed.",0.7469879518072289
/kaggle/input/uit-hwdb/UIT_HWDB_line/UIT_HWDB_line/test_data/255/19.jpg,"Thành công ấy, liệu có mấy người đạt được?","Thanh công ấy, liệu có mấy người đặt thức ?",0.14285714285714285
/kaggle/input/uit-hwdb/UIT_HWDB_line/UIT_HWDB_line/test_data/255/20.jpg,"Sau mỗi mùa thi đại học, có bao "" sĩ tử "" buồn rầu khi biết mình trở thành "" sĩ tử "". Hai bảy điểm,","Sau mẹ mua thịt tươi, có bao ""sữa túi"" buôn rau khi bệnh mình trở thành ""sữa túi"": hai bảy đôi mẹ,",0.31313131313131315
/kaggle/input/uit-hwdb/UIT_HWDB_line/UIT_HWDB_line/test_data/255/21.jpg,cao thật đấy. Nhưng cao mà làm gì khi NV1 lấy tới hai bảy phẩy năm? Đó thật ra không phải,even that day. Nothing can make me lose my mind. I don't let the rain keep my mind too that I'm losing hope.,0.7191011235955056
/kaggle/input/uit-hwdb/UIT_HWDB_line/UIT_HWDB_line/test_data/255/22.jpg,"là thất bại, chỉ là khi thành công - bị - trì - hoãn mà thôi. Cuộc sống vẫn chào đón họ với","I am short but, she's a khu thanh cng bi' - tri- thanh ma than. Quyong van chua dan ho nhi.",0.5054945054945055
/kaggle/input/uit-hwdb/UIT_HWDB_line/UIT_HWDB_line/test_data/255/23.jpg,"NV2, NV3. Quan trọng là họ đã nỗ lực hết sức để khẳng định mình. Đó là ý nghĩa vẹn nguyên","Nv2, Nv3. Quan trong lí hoa đánh nô lôc hát sức đế kháng điều mình. Do lý nghĩa văn nguyên",0.2247191011235955
/kaggle/input/uit-hwdb/UIT_HWDB_line/UIT_HWDB_line/test_data/255/24.jpg,"của các kỳ thi, và cũng là bản chất của thành công.","của các ký thú, và cũng là bản chất của thành công.",0.0392156862745098
/kaggle/input/uit-hwdb/UIT_HWDB_line/UIT_HWDB_line/test_data/252/1.jpg,Chương trình hành động thực hiện Nghị quyết trung ương 9 - khóa IX của Đảng bộ,Chuong trinh hinh đăng thực hiện Nghi quyết trung ương g - thai 1x câu đăng b,0.19230769230769232
/kaggle/input/uit-hwdb/UIT_HWDB_line/UIT_HWDB_line/test_data/252/2.jpg,"TP.HCM Về xây dựng Đảng : tiếp tục chỉ đạo mạnh mẽ, có hiệu quả cuộc vận động xây","m. con vé xây dựng bảng: tiếp tục chủ đạo mạnh mẽ, có hiệu quả các văn dángy",0.20987654320987653
/kaggle/input/uit-hwdb/UIT_HWDB_line/UIT_HWDB_line/test_data/252/3.jpg,"dựng chỉnh đốn Đảng theo tinh thần nghị quyết trung ương 6 (lần 2). Theo đó, tiếp tục","Any child, the one who thinks that night, quivers, trying, using 6 (1 an 2). The other, the one",0.5764705882352941
/kaggle/input/uit-hwdb/UIT_HWDB_line/UIT_HWDB_line/test_data/252/4.jpg,thực hiện việc kê khai nhà đất và cơ sở sản xuất kinh doanh của cán bộ - công,trực thần việc thai nhà đặt ra có số sản xuất lạnh danh của con bò-gi,0.3116883116883117
/kaggle/input/uit-hwdb/UIT_HWDB_line/UIT_HWDB_line/test_data/252/5.jpg,"chức; tăng cường thanh kiểm tra những nơi có dấu hiệu vi phạm, đặc biệt","write; telling candy thank him that nothing nor cold drink you, then back",0.6338028169014085
/kaggle/input/uit-hwdb/UIT_HWDB_line/UIT_HWDB_line/test_data/252/6.jpg,trong lĩnh vực đất đai và các công trình trọng điểm.,timy linh viết đặt tài và các công trình trong đêm.,0.2692307692307692
/kaggle/input/uit-hwdb/UIT_HWDB_line/UIT_HWDB_line/test_data/252/7.jpg,Xử lý nghiêm minh theo pháp luật và kỷ luật của Đảng những người có hành,Xixi lǚy rúqiúmen mìns tíhe pháp huàn và ký huàn cuàn Dāng nǚu guó chán,0.5416666666666666
/kaggle/input/uit-hwdb/UIT_HWDB_line/UIT_HWDB_line/test_data/252/8.jpg,vi sai trái và những người bao che. Thực hiện tốt các quy định đối với cán bộ lãnh,vì sai trai và nhúng người bao che. Thực hiện tốt các quy định đối với cán bộ liên,0.07317073170731707
/kaggle/input/uit-hwdb/UIT_HWDB_line/UIT_HWDB_line/test_data/252/9.jpg,"đạo, quản lý để xảy ra tham nhũng, tiêu cực ở cơ quan, đơn vị. Kiện toàn và","Eao, quan lý dê' xay ra ham nhung, tiêu ưc ò sô quan, đòn òi. Kiên toan ưa",0.28
/kaggle/input/uit-hwdb/UIT_HWDB_line/UIT_HWDB_line/test_data/252/10.jpg,tăng cường sức chiến đấu của tổ chức cơ sở Đảng. Tiếp tục đổi mới và nâng,tăng cường sức chiến đấu và tôi có sở đăng. Tại tục đó mà văn ngữ,0.3013698630136986
/kaggle/input/uit-hwdb/UIT_HWDB_line/UIT_HWDB_line/test_data/252/11.jpg,cao công tác cán bộ. Tiếp tục đổi mới phương thức lãnh đạo của cấp ủy,"cao công tác chủ bộ. Triệt tiêu đời mới, phường thích lòng tạo cuộn cáp ủy",0.2898550724637681
/kaggle/input/uit-hwdb/UIT_HWDB_line/UIT_HWDB_line/test_data/252/12.jpg,Đảng theo phương châm hướng mạnh về cơ sở.,Đang theo phương châm hướng mang về có số.,0.11904761904761904
/kaggle/input/uit-hwdb/UIT_HWDB_line/UIT_HWDB_line/test_data/252/13.jpg,"Về cải cách hành chính : Tập trung chấn chỉnh mạnh hơn nữa kỷ cương, kỷ luật trong","Viê cau cành hàn chính: Tập trung chân chính manh hôn nữa têy cung, bợ hàn trong",0.2804878048780488
/kaggle/input/uit-hwdb/UIT_HWDB_line/UIT_HWDB_line/test_data/252/14.jpg,"bộ máy hành chính, nâng cao tinh thần trách nhiệm và ý thức kỷ luật của CB - CC,","be may haan shin, nang cao tins than trach phim na y thuc hy dung ua cac",0.3875
/kaggle/input/uit-hwdb/UIT_HWDB_line/UIT_HWDB_line/test_data/252/15.jpg,"nhất là trên lĩnh vực nhà đất, đầu tư, kinh doanh, trật tự xây dựng và","nhau lai trên linh việc nhà đại, đâu thì, ems doanh, trái tại xây dựng oa",0.3142857142857143
/kaggle/input/uit-hwdb/UIT_HWDB_line/UIT_HWDB_line/test_data/252/16.jpg,"giải quyết khiếu nại, tố cáo. Xây dựng hoàn thiện hệ thống các qui trình","gài quyết thiên núi, tỏ cào. Xây dựng hoàn thiện hệ thay cả quy trìng",0.20833333333333334
/kaggle/input/uit-hwdb/UIT_HWDB_line/UIT_HWDB_line/test_data/252/17.jpg,"thủ tục hành chính. Kiên quyết chấn chỉnh bộ máy hành chính các cấp,",Thủ túc hành chính. Kiên quyết thành chính bà mày hành chính cát cáp,0.14705882352941177
/kaggle/input/uit-hwdb/UIT_HWDB_line/UIT_HWDB_line/test_data/252/18.jpg,"nhanh chóng khắc phục tình trạng quan liêu, cửa quyền, hách dịch.","nhans chóng thúc phục tình trạng quan liêu, của quyển, hạch dịch.",0.09230769230769231
/kaggle/input/uit-hwdb/UIT_HWDB_line/UIT_HWDB_line/test_data/252/19.jpg,"Xây dựng và phát triển đội ngũ CB - CC có chất lượng chuyên môn cao, có phẩm","Xây dựng văn phẩm triển dời ngữ CB-cc có chút hướng chuyên môn cao, có phản",0.18421052631578946
/kaggle/input/uit-hwdb/UIT_HWDB_line/UIT_HWDB_line/test_data/252/20.jpg,"chất, đạo đức. Kiểm tra, xử lý kiên quyết các vụ tham nhũng, lãng phí,","chài, đạo đức. kiếm trai, xứ lý kiên quyết các cụ đã tham nhũng, lòng phí.",0.15714285714285714
/kaggle/input/uit-hwdb/UIT_HWDB_line/UIT_HWDB_line/test_data/252/21.jpg,làm thất thoát tài sản nhà nước... Về kinh tế : Tập trung mọi nỗ lực,lam thai' thoat tau san nha nho ... Ve bung te': tap tung moi no lie,0.35294117647058826
/kaggle/input/uit-hwdb/UIT_HWDB_line/UIT_HWDB_line/test_data/252/22.jpg,"nhằm tháo gỡ sản xuất kinh doanh, đưa tốc độ tăng trưởng GDP trên địa","nhâm thảo gỗ sản xuất linh doanh, đầu tạo tổ tăng trưởng GDP trên địa",0.14492753623188406
/kaggle/input/uit-hwdb/UIT_HWDB_line/UIT_HWDB_line/test_data/252/23.jpg,bàn TP đạt 12% năm 2004 và trên 12% năm 2005. Phát triển nhanh,ban 7p đạt 12% năm 2004 và trên 12% năm 2005. Phải tiến hành,0.12903225806451613
/kaggle/input/uit-hwdb/UIT_HWDB_line/UIT_HWDB_line/test_data/252/24.jpg,"các ngành dịch vụ, tái cấu trúc các ngành công nghiệp.","các ngành dịch vụ, tài cảu thuê các ngân công nghiệp.",0.12962962962962962
/kaggle/input/uit-hwdb/UIT_HWDB_line/UIT_HWDB_line/test_data/252/25.jpg,Tiếp tục nhân rộng các mô hình huy động vốn đầu tư. Tập trung khai thác,Tíép' tuc mhan rong càc mò hìnt. huy dáng vòn dàut tù. Táp trung thai thác,0.28169014084507044
/kaggle/input/uit-hwdb/UIT_HWDB_line/UIT_HWDB_line/test_data/252/26.jpg,các nguồn vốn cho ngân sách. Tổng kết quá trình cổ phần hóa doanh,các người vốn cho người sách. Từng kết quả trưng bố phát hoá đoàn,0.2923076923076923
/kaggle/input/uit-hwdb/UIT_HWDB_line/UIT_HWDB_line/test_data/252/27.jpg,nghiệp nhà nước và việc tổ chức sắp xếp lại doanh nghiệp nhà nước.,"nghịp nhớ nước và việc tỏ chút, sắp xếp lời doanh nghiệp nhớ nước.",0.13636363636363635
/kaggle/input/uit-hwdb/UIT_HWDB_line/UIT_HWDB_line/test_data/252/28.jpg,Triển khai quyết định của TP về một số chính sách ưu đãi đối với,Trình khai quyết định của TP về mở sổ chính sách dự án đối với.,0.1875
/kaggle/input/uit-hwdb/UIT_HWDB_line/UIT_HWDB_line/test_data/252/29.jpg,các dự án có vốn đầu tư nước ngoài. Rà soát lại chương,các dự án có vốn thu hút người. Rất sách lời các chúng,0.42592592592592593
/kaggle/input/uit-hwdb/UIT_HWDB_line/UIT_HWDB_line/test_data/252/30.jpg,trình hội nhập kinh tế của TP. Về văn hóa - xã hội : đẩy mạnh xã,trins hòi nhập kín sĩ tế cuả TP. Về văn hoá - xã hội; đây mấy xã,0.265625
/kaggle/input/uit-hwdb/UIT_HWDB_line/UIT_HWDB_line/test_data/252/31.jpg,"hội hóa, phát triển xã hội học tập, ưu tiên đầu tư ngân sách","hỏi hòa, phải trình xác hội học tập, lưu điện đau tật ngàn sách",0.26666666666666666
/kaggle/input/uit-hwdb/UIT_HWDB_line/UIT_HWDB_line/test_data/252/32.jpg,cho giáo dục - đào tạo.,cho giào duc - đào tạo.,0.08695652173913043
/kaggle/input/uit-hwdb/UIT_HWDB_line/UIT_HWDB_line/test_data/252/33.jpg,Nâng cao năng lực quản lý nhà nước trên các lĩnh vực kinh doanh dịch vụ,Nang cao nang luè quán lý nhà nước trên các thời ước bình dân đánh dấu u,0.323943661971831
/kaggle/input/uit-hwdb/UIT_HWDB_line/UIT_HWDB_line/test_data/252/34.jpg,"văn hóa; khắc phục những sơ hở, tiêu cực trong quản lý và hoạt động","van hoi ; khao phuc nhung sa ho , ten cuc trong quan ly vo hoa dong",0.3283582089552239
/kaggle/input/uit-hwdb/UIT_HWDB_line/UIT_HWDB_line/test_data/252/35.jpg,văn hóa. Tiếp tục tập trung nguồn lực cho chương trình 3 giảm...,van hoat. Tiếp tục tập trung người học cho những trải 3 giảm ...,0.234375